VEHICLE_TYPE,VEHICLE_CATEGORY
2 dr sedan,SEDAN
3-Door,SEDAN
4 dr sedan,SEDAN
AMB,AMBULANCE
AMBU,AMBULANCE
AMBUL,AMBULANCE
AMBULANCE,AMBULANCE
Ambul,AMBULANCE
Ambulance,AMBULANCE
Armored Truck,ARMORED TRUCK
BACKH,CONSTRUCTION
BICYCLE,BIKE
BOBCA,CONSTRUCTION
BOX T,BOX TRUCK
BOX TRUCK,BOX TRUCK
BULLD,CONSTRUCTION
BUS,BUS
Beverage Truck,BEVERAGE TRUCK
Bike,BIKE
Box T,BOX TRUCK
Box Truck,BOX TRUCK
Bulk Agriculture,AGRICULTURE VEHICLE
Bus,BUS
C1,BOX TRUCK
CARGO,BOX TRUCK
CATER,CONSTRUCTION
CEMEN,CONCRETE MIXER
CMIX,CONCRETE MIXER
COM,COMMERCIAL
COMM,COMMERCIAL
COMME,COMMERCIAL
COMMERCIAL,COMMERCIAL
CONST,CONSTRUCTION
CRANE,CONSTRUCTION
Carry All,GOLF CART
Chassis Cab,CHASSIS CAB
Comme,COMMERCIAL
Concrete Mixer,CONCRETE MIXER
Convertible,CONVERTIBLE
DELIV,DELIVERY TRUCK
DELIVERY T,DELIVERY TRUCK
DELV,DELIVERY TRUCK
DIRT BIKE,MOTORCYCLE
DUMP,DUMP TRUCK
DUMP TRUCK,DUMP TRUCK
Deliv,DELIVERY TRUCK
Dump,DUMP TRUCK
E BIK,BIKE
E-BIK,BIKE
E-BIKE,BIKE
E-Bik,BIKE
E-Bike,BIKE
E-SCOOTER,SCOOTER
E-Sco,SCOOTER
E-Scooter,SCOOTER
EBIKE,BIKE
ELECT,ELECTRIC
Elect,ELECTRIC
Enclosed Body - Nonremovable Enclosure,BOX TRUCK
Enclosed Body - Removable Enclosure,BOX TRUCK
FDNY,FDNY
FDNY AMBUL,AMBULANCE
FDNY FIRE,FDNY
FDNY TRUCK,FDNY
FIRE,FDNY
FIRE ENGIN,FDNY
FIRE TRUCK,FDNY
FIRET,FDNY
FIRETRUCK,FDNY
FLAT,FLAT BED
FLATB,FLAT BED
FOOD,BOX TRUCK
FORD,FORD
FORK,CONSTRUCTION
FORK LIFT,CONSTRUCTION
FORKL,CONSTRUCTION
FORKLIFT,CONSTRUCTION
FREIG,FREIGHT
Fire,FDNY
Fire Truck,FDNY
Fire truck,FDNY
Firetruck,FDNY
Flat Bed,FLAT BED
Flat Rack,FLAT BED
Fork,CONSTRUCTION
Forkl,CONSTRUCTION
GARBA,GARBAGE TRUCK
GARBAGE TR,GARBAGE TRUCK
GOLF,GOLF CART
Garba,GARBAGE TRUCK
Garbage or Refuse,GARBAGE TRUCK
Glass Rack,RACK
HINO,BOX TRUCK
HORSE,HORSE
Hopper,HOPPER
LARGE COM VEH(6 OR MORE TIRES),COMMERCIAL
LIMO,LIMO
LIVERY VEHICLE,AGRICULTURE VEHICLE
Lift Boom,CONSTRUCTION
Livestock Rack,AGRICULTURE VEHICLE
Log,LOG
Lunch Wagon,LUNCH WAGON
MACK,FLAT BED
MAIL,USPS
MINI,MINI
MOPED,MOTORCYCLE
MOTOR,MOTORCYCLE
MOTORCYCLE,MOTORCYCLE
MTA B,BUS
MTA BUS,BUS
Minibike,BIKE
Minicycle,MOTORCYCLE
Moped,MOTORCYCLE
Motorbike,MOTORCYCLE
Motorcycle,MOTORCYCLE
Motorized Home,MOTORIZED HOME
Motorscooter,SCOOTER
Multi-Wheeled Vehicle,COMMERCIAL
N/A,OTHER
NA,NA
OML,OTHER
OMR,OTHER
OMT,OTHER
OTHER,OTHER
Open Body,PICK-UP TRUCK
P/SH,PASSENGER VEHICLE
PAS,PASSENGER VEHICLE
PASS,PASSENGER VEHICLE
PASSENGER VEHICLE,PASSENGER VEHICLE
PC,PEDICAB
PEDICAB,PEDICAB
PICK UP,PICK-UP TRUCK
PICK-,PICK-UP TRUCK
PICK-UP TRUCK,PICK-UP TRUCK
PICKU,PICK-UP TRUCK
PK,PICK-UP TRUCK
POSTA,USPS
POWER,CONSTRUCTION
POWER SHOV,CONSTRUCTION
PSD,PSD
Pallet,RACK
Pedicab,PEDICAB
Pick-up Truck,PICK-UP TRUCK
Pickup with mounted Camper,PICK-UP TRUCK
RD/S,COMMERCIAL
REFG,BOX TRUCK
ROAD,COMMERCIAL
RV,RV
Refrigerated Van,BOX TRUCK
SANIT,GARBAGE TRUCK
SCHOO,SCHOOL BUS
SCHOOL BUS,SCHOOL BUS
SCOOT,SCOOTER
SCOOTER,SCOOTER
SEDAN,SEDAN
SELF,SELF
SEMI,COMMERCIAL
SEMI-,COMMERCIAL
SMALL COM VEH(4 TIRES),COMMERCIAL
SPC,SPC
SPORT UTILITY / STATION WAGON,SUV
SPRIN,BOX TRUCK
STAK,COMMERCIAL
STREE,STREET CLEANER
SUV,SUV
Sanit,GARBAGE TRUCK
Schoo,SCHOOL BUS
School Bus,SCHOOL BUS
Scoot,SCOOTER
Scooter,SCOOTER
Sedan,SEDAN
Snow Plow,SNOW PLOW
Stake or Rack,RACK
Station Wagon/Sport Utility Vehicle,SUV
Subn,SUV
TANK,TANK
TAXI,TAXI
TOW T,TOW TRUCK / WRECKER
TOW TRUCK,TOW TRUCK / WRECKER
TRAC,COMMERCIAL
TRACT,COMMERCIAL
TRACTOR,COMMERCIAL
TRACTOR TR,COMMERCIAL
TRAIL,COMMERCIAL
TRAILER,COMMERCIAL
TRK,COMMERCIAL
TRL,COMMERCIAL
TRUCK,COMMERCIAL
Tanker,COMMERCIAL
Taxi,TAXI
Tow T,TOW TRUCK / WRECKER
Tow Truck,TOW TRUCK / WRECKER
Tow Truck / Wrecker,TOW TRUCK / WRECKER
Tract,COMMERCIAL
Tractor Truck Diesel,COMMERCIAL
Tractor Truck Gasoline,COMMERCIAL
Trail,COMMERCIAL
Trailer,COMMERCIAL
Truck,COMMERCIAL
UHAUL,BOX TRUCK
UNKOW,OTHER
US PO,USPS
USPS,USPS
USPS TRUCK,USPS
UTIL,UTILITY VEHICLE
UTILI,UTILITY VEHICLE
Unkno,OTHER
Utili,UTILITY VEHICLE
VAN,VAN
VAN T,VAN
Van,VAN
Van Camper,VAN
Vanette,VAN
WAGON,WAGON
WHITE,WHITE
Well Driller,CONSTRUCTION
YELLO,TAXI
amb,AMBULANCE
ambu,AMBULANCE
ambul,AMBULANCE
ambulance,AMBULANCE
box t,BOX TRUCK
box truck,BOX TRUCK
bus,BUS
com,COMMERCIAL
comme,COMMERCIAL
const,CONSTRUCTION
deliv,DELIVERY TRUCK
delv,DELIVERY TRUCK
dump,DUMP TRUCK
elect,ELECTRIC
fdny,FDNY
fire,FDNY
fire truck,FDNY
firet,FDNY
fork,CONSTRUCTION
forkl,CONSTRUCTION
forklift,CONSTRUCTION
garba,GARBAGE TRUCK
moped,MOTORCYCLE
motor,MOTORCYCLE
mta b,BUS
others,OTHER
pick,PICK-UP TRUCK
picku,PICK-UP TRUCK
posta,USPS
sanit,GARBAGE TRUCK
schoo,SCHOOL BUS
scoot,SCOOTER
scooter,SCOOTER
self,SELF
semi,COMMERCIAL
stree,STREET CLEANER
subn,SUV
tk,COMMERCIAL
tow,TOW TRUCK / WRECKER
tow t,TOW TRUCK / WRECKER
tract,COMMERCIAL
trail,COMMERCIAL
trailer,COMMERCIAL
truck,COMMERCIAL
unkno,OTHER
usps,USPS
utili,UTILITY VEHICLE
van,VAN
wagon,WAGON
UNKNOWN,UNKNOWN
UNKNO,UNKNOWN
unk,UNKNOWN
UNK,UNKNOWN
UNK/L,UNKNOWN
UNKN,UNKNOWN
UNKNW,UNKNOWN
unkl,UNKNOWN
UNK L,UNKNOWN
Unk,UNKNOWN
unkn,UNKNOWN
unkow,UNKNOWN
UNK.,UNKNOWN
UNKWN,UNKNOWN
UNK T,UNKNOWN
Unkow,UNKNOWN
"Unk,",UNKNOWN
Unkn,UNKNOWN
UNKNOW,UNKNOWN
Unknown,UNKNOWN
UNKOWN,UNKNOWN
unknown,UNKNOWN
UNKNOWN VE,UNKNOWN
UNK FEMALE,UNKNOWN
Unknown ve,UNKNOWN
util,OTHER
mail,OTHER
ford,OTHER
flat,OTHER
firetruck,OTHER
UTILITY,OTHER
US Po,OTHER
TRLR,OTHER
SUBUR,OTHER
Posta,OTHER
Pick,OTHER
Forklift,OTHER
EXCAV,OTHER
CO,OTHER
trl,OTHER
tank,OTHER
power,OTHER
pas,OTHER
p/sh,OTHER
freig,OTHER
crane,OTHER
backh,OTHER
WORK,OTHER
VAN/T,OTHER
UT,OTHER
U-HAU,OTHER
Tow,OTHER
TANKE,OTHER
SANITATION,OTHER
REFRI,OTHER
PICKUP,OTHER
OMNIB,OTHER
NYC F,OTHER
MOTOR SCOO,OTHER
LIMOU,OTHER
LIGHT,OTHER
GOLF CART,OTHER
Flat,OTHER
Firet,OTHER
DIRT,OTHER
DELIVERY,OTHER
Box truck,OTHER
BOX,OTHER
school bus,OTHER
n/a,OTHER
cemen,OTHER
Tow t,OTHER
Stree,OTHER
SCOM,OTHER
PICK UP TR,OTHER
PASSE,OTHER
NYPD,OTHER
Motor,OTHER
MTA,OTHER
MOPD,OTHER
LIVER,OTHER
LEFT,OTHER
JEEP,OTHER
INTER,OTHER
GOVER,OTHER
FEDEX,OTHER
EMS,OTHER
ELECTRIC S,OTHER
E-scooter,OTHER
CITY,OTHER
BACK,OTHER
ACCES,OTHER
tr,OTHER
tow truck,OTHER
sedan,OTHER
pickup,OTHER
mack,OTHER
horse,OTHER
golf,OTHER
commercial,OTHER
comm,OTHER
cargo,OTHER
box,OTHER
bobca,OTHER
White,OTHER
VAN TRUCK,OTHER
UTILITY VE,OTHER
USPS MAIL,OTHER
US POSTAL,OTHER
TRANS,OTHER
TRACK,OTHER
TL,OTHER
STREET SWE,OTHER
SKATE,OTHER
REP,OTHER
Pick up,OTHER
POSTAL TRU,OTHER
PEDIC,OTHER
MAIL TRUCK,OTHER
ICE C,OTHER
Horse,OTHER
Grain,OTHER
GATOR,OTHER
FLATBED,OTHER
FDNY ENGIN,OTHER
FDNY Ambul,OTHER
ENGIN,OTHER
Delivery,OTHER
DUMPS,OTHER
Crane,OTHER
Commercial,OTHER
CAT,OTHER
Box t,OTHER
BOOM,OTHER
Ambu,OTHER
ARMOR,OTHER
work,OTHER
us po,OTHER
trac,OTHER
taxi,OTHER
subur,OTHER
other,OTHER
na,OTHER
front,OTHER
flatb,OTHER
UTILITY TR,OTHER
U-Hau,OTHER
Snowmobile,OTHER
Self,OTHER
Sanitation,OTHER
SWEEP,OTHER
SKATEBOARD,OTHER
SE,OTHER
Road,OTHER
RMP,OTHER
Pick up tr,OTHER
PICKUP TRU,OTHER
OIL T,OTHER
Motor Home,OTHER
MOVIN,OTHER
MOBIL,OTHER
MINIV,OTHER
LCOM,OTHER
G COM,OTHER
Ford,OTHER
FRONT,OTHER
FED E,OTHER
FDNY LADDE,OTHER
FDNY FIRET,OTHER
FDNY EMS,OTHER
Dump truck,OTHER
DUMPT,OTHER
COURI,OTHER
CASE,OTHER
Amb,OTHER
APPOR,OTHER
AMBULENCE,OTHER
yello,OTHER
van t,OTHER
uhaul,OTHER
trlr,OTHER
tractor tr,OTHER
suv,OTHER
sanitation,OTHER
rv,OTHER
postal tru,OTHER
omt,OTHER
left,OTHER
food,OTHER
excav,OTHER
e-bik,OTHER
dump truck,OTHER
dsny,OTHER
delivery t,OTHER
cater,OTHER
back,OTHER
acces,OTHER
Wagon,OTHER
WORK VAN,OTHER
Tractor tr,OTHER
Tow truck,OTHER
TRC,OTHER
TRAILOR,OTHER
TOWTR,OTHER
TOWER,OTHER
TLR,OTHER
TF,OTHER
School bus,OTHER
SW,OTHER
SUBURBAN,OTHER
SPRINTER V,OTHER
SKID,OTHER
SEMI TRAIL,OTHER
RMP V,OTHER
RENTA,OTHER
PICK-UP TR,OTHER
NOT I,OTHER
Mini,OTHER
LIFT,OTHER
Golf,OTHER
GLBEN,OTHER
GAS SCOOTE,OTHER
G TOW,OTHER
Freig,OTHER
Flatb,OTHER
Fire Engin,OTHER
FLEET,OTHER
FDNY truck,OTHER
FDNY Truck,OTHER
FDNY Fire,OTHER
FD TRUCK,OTHER
EXCAVATOR,OTHER
E SCO,OTHER
E Bik,OTHER
Dirt Bike,OTHER
Delv,OTHER
DIRTB,OTHER
CARGO VAN,OTHER
Backh,OTHER
BS,OTHER
BOBCAT,OTHER
BK,OTHER
4dsd,OTHER
4DS,OTHER
4DR,OTHER
4D,OTHER
2 DOO,OTHER
1,OTHER
0,OTHER
white,OTHER
utility tr,OTHER
utility,OTHER
trk,OTHER
tractor,OTHER
stak,OTHER
sprinter v,OTHER
skateboard,OTHER
road,OTHER
plow,OTHER
passe,OTHER
miniv,OTHER
mecha,OTHER
gator,OTHER
electric s,OTHER
ebike,OTHER
dp,OTHER
dirt,OTHER
constructi,OTHER
bulld,OTHER
ambulette,OTHER
WINNE,OTHER
VMS,OTHER
VERIZ,OTHER
VAN/TRUCK,OTHER
Util,OTHER
USPS POSTA,OTHER
USPOS,OTHER
UPS TRUCK,OTHER
UKN,OTHER
U HAU,OTHER
Trac,OTHER
Tk,OTHER
Sprin,OTHER
SWT,OTHER
SMALL,OTHER
SKID LOADE,OTHER
SELF INSUR,OTHER
SCL,OTHER
SC,OTHER
Rescu,OTHER
ROAD SWEEP,OTHER
R/V,OTHER
Pickup,OTHER
Picku,OTHER
PU,OTHER
POSTAL VEH,OTHER
POST,OTHER
PLOW,OTHER
PKUP,OTHER
PAYLO,OTHER
PASSENGER,OTHER
PARKE,OTHER
P/U,OTHER
NYS AMBULA,OTHER
NYC SANITA,OTHER
NYC AMBULA,OTHER
NEW Y,OTHER
Mail,OTHER
MAN L,OTHER
LADDER TRU,OTHER
LADDE,OTHER
KENWO,OTHER
Ice C,OTHER
ICE CREAM,OTHER
HOUSE,OTHER
HORSE CARR,OTHER
HEAVY,OTHER
HAND,OTHER
Golf Cart,OTHER
Garbage tr,OTHER
GRAY,OTHER
GMC V,OTHER
GMC,OTHER
G AMB,OTHER
Fork lift,OTHER
Food,OTHER
FRIEG,OTHER
FRHT,OTHER
FRE,OTHER
FOOD TRUCK,OTHER
F550,OTHER
ESCOOTER S,OTHER
EMS TRUCK,OTHER
EMS A,OTHER
ECONOLINE,OTHER
ECONO,OTHER
E-bik,OTHER
E-SCO,OTHER
E COM,OTHER
Delivery t,OTHER
DIRTBIKE,OTHER
DELIVERY V,OTHER
Const,OTHER
Com,OTHER
Cmix,OTHER
City,OTHER
Cargo Van,OTHER
Cargo,OTHER
COM T,OTHER
CAMPE,OTHER
C3,OTHER
Budge,OTHER
BUs,OTHER
BOOM LIFT,OTHER
18 WH,OTHER
ups t,OTHER
trailor,OTHER
track,OTHER
tower,OTHER
suburban,OTHER
street swe,OTHER
street cle,OTHER
sprin,OTHER
spec,OTHER
spc,OTHER
skate,OTHER
semi-trail,OTHER
semi-,OTHER
self insur,OTHER
road sweep,OTHER
rep,OTHER
refg,OTHER
ram,OTHER
push,OTHER
psd,OTHER
power shov,OTHER
pick up,OTHER
pedic,OTHER
pc,OTHER
passenger,OTHER
omr,OTHER
omnib,OTHER
oml,OTHER
oil t,OTHER
nyfd,OTHER
nyc f,OTHER
none,OTHER
mta,OTHER
movin,OTHER
motor scoo,OTHER
mopad,OTHER
mailtruck,OTHER
limo,OTHER
light,OTHER
ladde,OTHER
jeep,OTHER
ice c,OTHER
hrse,OTHER
hino,OTHER
hi-lo,OTHER
government,OTHER
golf cart,OTHER
garbage tr,OTHER
frieg,OTHER
fork lift,OTHER
fdny truck,OTHER
fdny ladde,OTHER
excavator,OTHER
e bik,OTHER
e amb,OTHER
dumps,OTHER
dirt bike,OTHER
detac,OTHER
conta,OTHER
clean,OTHER
case,OTHER
bsd,OTHER
boxtr,OTHER
armor,OTHER
Work Van,OTHER
Work,OTHER
WORKH,OTHER
WHEELCHAIR,OTHER
WASTE,OTHER
Van (,OTHER
VPG,OTHER
VESPA,OTHER
VAV,OTHER
VAN F,OTHER
VAN C,OTHER
Utility,OTHER
Uhaul,OTHER
UTILITY VA,OTHER
USPS VAN,OTHER
US GO,OTHER
US,OTHER
UPS T,OTHER
UHUAL,OTHER
UHAUL VAN,OTHER
UHAUL BOX,OTHER
UHAL,OTHER
UD,OTHER
Trl,OTHER
Tractor Tr,OTHER
Toyota,OTHER
TRUCK TRAI,OTHER
TRT,OTHER
TRAIN,OTHER
TLC,OTHER
TL TR,OTHER
Suburban,OTHER
St,OTHER
Semi-,OTHER
SUB,OTHER
STERL,OTHER
SPECIAL PU,OTHER
SNOWMOBILE,OTHER
SNOW PLOW,OTHER
SMART,OTHER
SEMI-TRAIL,OTHER
SELF-,OTHER
SEGWA,OTHER
SCOO,OTHER
SBN,OTHER
Refri,OTHER
REVEL SCOO,OTHER
RESCU,OTHER
RAM,OTHER
Power shov,OTHER
Postal tru,OTHER
Postal Veh,OTHER
Pick-,OTHER
Pavin,OTHER
Passenger,OTHER
PZ,OTHER
PUMPE,OTHER
PUMP,OTHER
PSH,OTHER
POLIC,OTHER
PEDI CAB,OTHER
PAS V,OTHER
OMS,OTHER
OFF R,OTHER
NYC TRANSI,OTHER
NYC S,OTHER
NYC BUS,OTHER
NYC,OTHER
NISSA,OTHER
NAVIG,OTHER
Motorscoot,OTHER
Motorizeds,OTHER
Moped scoo,OTHER
Marke,OTHER
Mack,OTHER
MTA bus,OTHER
MTA b,OTHER
MTA Truck,OTHER
MTA Bus,OTHER
MOTORSCOOT,OTHER
MOPPED,OTHER
MOPET,OTHER
MECHA,OTHER
MACK TRUCK,OTHER
MAC T,OTHER
Lift,OTHER
LTR,OTHER
LSA,OTHER
LOADE,OTHER
LIGHT TRAI,OTHER
JOHN DEERE,OTHER
JOHN,OTHER
J1,OTHER
IP,OTHER
INTL,OTHER
I1,OTHER
Go kart,OTHER
Gas Scoote,OTHER
Garbage Tr,OTHER
GREEN,OTHER
GAS MOPED,OTHER
G PSD,OTHER
G PAS,OTHER
Freight,OTHER
Fork Lift,OTHER
Ford Van,OTHER
Flatbed,OTHER
Flat bed,OTHER
Fdny ambul,OTHER
Fdny,OTHER
Farm Vehicle,OTHER
FUEL,OTHER
FRT,OTHER
FREIGHTLIN,OTHER
FORD VAN,OTHER
FOOD CART,OTHER
FLATBED TR,OTHER
FLAT/,OTHER
FLAT BED,OTHER
FEDER,OTHER
FED EX,OTHER
FDNY fire,OTHER
FDNY Firet,OTHER
FD TR,OTHER
FD LA,OTHER
Excavator,OTHER
Electric S,OTHER
Econo,OTHER
EXPRE,OTHER
ESU T,OTHER
ESU REP,OTHER
EMS Ambula,OTHER
ELECTRIC M,OTHER
ELECR,OTHER
ELEC,OTHER
ECOM,OTHER
EC3,OTHER
E450,OTHER
E350,OTHER
E250,OTHER
E-bike,OTHER
E-SKATEBOA,OTHER
E bik,OTHER
Delivery T,OTHER
DOT T,OTHER
DOLLY,OTHER
DIESE,OTHER
DELV.,OTHER
Courier,OTHER
Cement Tru,OTHER
Carri,OTHER
Car traile,OTHER
Car C,OTHER
CONT,OTHER
CONCR,OTHER
COMPA,OTHER
COMMERICAL,OTHER
COMER,OTHER
CHERRY PIC,OTHER
CHART,OTHER
CART,OTHER
CAMP,OTHER
CAB,OTHER
Box,OTHER
Boom,OTHER
Bobcat,OTHER
Back,OTHER
BUSS,OTHER
BUCKE,OTHER
BOB C,OTHER
BOAT,OTHER
BLACK,OTHER
BACK HOE,OTHER
Acces,OTHER
AMBULETTE,OTHER
AMBULANE,OTHER
AMBULACE,OTHER
A,OTHER
994,OTHER
600AJ,OTHER
3-whe,OTHER
3 Whe,OTHER
3 WHE,OTHER
2015,OTHER
12 PA,OTHER
0,OTHER
0,OTHER
omm,OTHER
yy,OTHER
yw,OTHER
yellow cab,OTHER
work van,OTHER
work truck,OTHER
winne,OTHER
wheel load,OTHER
wheel barr,OTHER
wheel,OTHER
wg,OTHER
wesco,OTHER
waste,OTHER
vol,OTHER
vn,OTHER
vespa,OTHER
vehicle tr,OTHER
vehic,OTHER
vav,OTHER
van w,OTHER
van truck,OTHER
van s,OTHER
van c,OTHER
van a,OTHER
vAN,OTHER
utlit,OTHER
utilt,OTHER
utility ve,OTHER
util truck,OTHER
usps truck,OTHER
usps self,OTHER
usps 88716,OTHER
us postal,OTHER
us ma,OTHER
unlno,OTHER
uni e-bike,OTHER
uni,OTHER
uliti,OTHER
ulili,OTHER
uknown,OTHER
ukn,OTHER
uhaul truc,OTHER
u.s p,OTHER
u-hau,OTHER
tt,OTHER
truck trai,OTHER
trt,OTHER
trial,OTHER
trc m,OTHER
trc,OTHER
trash,OTHER
transport,OTHER
trans,OTHER
train,OTHER
trai,OTHER
tr/tr,OTHER
towtr,OTHER
towe truck,OTHER
tow trk,OTHER
tour,OTHER
toolcat,OTHER
tilla,OTHER
te,OTHER
swingloade,OTHER
sweep,OTHER
suv /,OTHER
sub,OTHER
sterl,OTHER
st,OTHER
srf,OTHER
sprinter,OTHER
speci,OTHER
spec-,OTHER
speac,OTHER
spc p,OTHER
snow,OTHER
small trac,OTHER
small,OTHER
skate boar,OTHER
silve,OTHER
sgws,OTHER
semitraile,OTHER
sem,OTHER
seagr,OTHER
scooter ga,OTHER
scooc,OTHER
scoo,OTHER
scl,OTHER
sciss,OTHER
scho,OTHER
scava,OTHER
scaff,OTHER
santa,OTHER
sanitaton,OTHER
sanitaion,OTHER
salt,OTHER
rolle,OTHER
rmp,OTHER
rmb,OTHER
revel,OTHER
renta,OTHER
refuse tru,OTHER
"red,",OTHER
red t,OTHER
rd/s,OTHER
range,OTHER
r/v,OTHER
push scoot,OTHER
progr,OTHER
prks,OTHER
postal van,OTHER
postal ser,OTHER
postal bus,OTHER
post offic,OTHER
post,OTHER
police veh,OTHER
police rep,OTHER
pickup tru,OTHER
pick-up,OTHER
pick-,OTHER
pick up tr,OTHER
perm,OTHER
pedicab,OTHER
paylo,OTHER
pay loader,OTHER
passa,OTHER
pOSTA,OTHER
p/u,OTHER
omnibus,OTHER
omni,OTHER
nyu s,OTHER
nypd,OTHER
nycta,OTHER
nycha,OTHER
nyc s,OTHER
nyc m,OTHER
nyc d,OTHER
nyc b,OTHER
nyc a,OTHER
nyc EMS,OTHER
nissa,OTHER
navig,OTHER
nat grid t,OTHER
n\a,OTHER
mtr s,OTHER
mta bus 4,OTHER
mta bus,OTHER
mta B,OTHER
motorhome,OTHER
motorcycle,OTHER
motorbike,OTHER
motor home,OTHER
moter,OTHER
mot s,OTHER
mopet,OTHER
mopd,OTHER
mobil,OTHER
mo-pe,OTHER
mini van,OTHER
mini,OTHER
message si,OTHER
me/be,OTHER
mcy,OTHER
mc,OTHER
marke,OTHER
mail truck,OTHER
mac 1,OTHER
lmb,OTHER
llv,OTHER
liver,OTHER
limou,OTHER
lift,OTHER
kick scoot,OTHER
kenwo,OTHER
ken,OTHER
john,OTHER
itas,OTHER
isuzu,OTHER
inter,OTHER
impal,OTHER
icecr,OTHER
house,OTHER
hook,OTHER
historical,OTHER
hilow,OTHER
high,OTHER
harve,OTHER
green,OTHER
gover,OTHER
gov v,OTHER
gokar,OTHER
gas scoote,OTHER
gas mo ped,OTHER
gas bicycl,OTHER
g spc,OTHER
g scl,OTHER
g com,OTHER
frh,OTHER
freight tr,OTHER
freight To,OTHER
fre,OTHER
forlift,OTHER
ford van,OTHER
ford econo,OTHER
foor,OTHER
food truck,OTHER
flatbed,OTHER
fedx,OTHER
fedex truc,OTHER
fedex,OTHER
fed e,OTHER
fdny ems,OTHER
fdny ambul,OTHER
fd tr,OTHER
fIRET,OTHER
f550,OTHER
f350,OTHER
f15,OTHER
f-250,OTHER
escavator,OTHER
engine,OTHER
engin,OTHER
ems b,OTHER
eletr,OTHER
econo,OTHER
east,OTHER
eScoo,OTHER
e-sooter,OTHER
e-scooter,OTHER
e-bike,OTHER
e-BIK,OTHER
e-350,OTHER
e tow,OTHER
e skate bo,OTHER
e sco,OTHER
e com,OTHER
e BIK,OTHER
dumpe,OTHER
dot t,OTHER
dodge,OTHER
dirtbike,OTHER
dirtb,OTHER
dilevery t,OTHER
dhl t,OTHER
depar,OTHER
delviery,OTHER
delivery w,OTHER
delivery v,OTHER
delivery,OTHER
delie,OTHER
del,OTHER
dark color,OTHER
cross,OTHER
crane boom,OTHER
courier,OTHER
couri,OTHER
conv,OTHER
conti,OTHER
conedison,OTHER
concr,OTHER
con ed tru,OTHER
commerical,OTHER
comm.,OTHER
com v,OTHER
cm,OTHER
club,OTHER
city,OTHER
chev,OTHER
cate,OTHER
cat payloa,OTHER
cat 3,OTHER
cat,OTHER
carri,OTHER
cargo van,OTHER
car c,OTHER
car,OTHER
camper tra,OTHER
cab,OTHER
c7c,OTHER
bus y,OTHER
bucket tru,OTHER
box p,OTHER
boom lift,OTHER
boom crane,OTHER
boom,OTHER
bobct,OTHER
boat,OTHER
bmw moped,OTHER
bmw,OTHER
big r,OTHER
bed,OTHER
bay crane,OTHER
basic psd,OTHER
backhoe,OTHER
back ho,OTHER
axo,OTHER
atv p,OTHER
armored tr,OTHER
anbul,OTHER
amulance,OTHER
amdu,OTHER
ambulence,OTHER
almbulance,OTHER
access a r,OTHER
abulance,OTHER
Yamaha,OTHER
Yamah,OTHER
YW PO,OTHER
YPS,OTHER
YNK,OTHER
YLL P,OTHER
YELLOWPOWE,OTHER
YALE,OTHER
Work van,OTHER
White ambu,OTHER
White Van,OTHER
Wheel,OTHER
Wh Ford co,OTHER
WORKM,OTHER
WORKH UTIL,OTHER
WINEB,OTHER
WHIT,OTHER
WHEEL,OTHER
WHBL,OTHER
WH,OTHER
WESCO,OTHER
WC,OTHER
WANC,OTHER
Veriz,OTHER
Veh L,OTHER
Van/R,OTHER
Van truck,OTHER
Van h,OTHER
Van T,OTHER
Van Box Tr,OTHER
VS2,OTHER
VMS T,OTHER
VMS SIGN,OTHER
VENDOR CHA,OTHER
VEND,OTHER
VEHICLE 2,OTHER
VAS,OTHER
VAN`,OTHER
VAN\T,OTHER
VANG,OTHER
VANET,OTHER
VAN/TRANSI,OTHER
VAN/B,OTHER
VAN/,OTHER
VAN WH,OTHER
VAN W,OTHER
VAN U,OTHER
VAN FORD,OTHER
VAN E,OTHER
VAN A,OTHER
VAM,OTHER
VAB,OTHER
Utility.,OTHER
Utility ca,OTHER
Util.,OTHER
Us po,OTHER
Unmarked V,OTHER
Uhaul truc,OTHER
Uhaul Truc,OTHER
Uber,OTHER
UTYLI,OTHER
UTV,OTHER
UTLL,OTHER
UTLIT,OTHER
UTILITY WH,OTHER
UTIL WH,OTHER
USPST,OTHER
USPS2,OTHER
USPS/GOVT,OTHER
USPS#,OTHER
USPS truck,OTHER
USPS Truck,OTHER
"USPS TRUC,",OTHER
USPS MAILT,OTHER
USPS #7530,OTHER
USPS # 487,OTHER
USPCS Truc,OTHER
USP M,OTHER
US po,OTHER
US Postal,OTHER
US Mail Tr,OTHER
US MA,OTHER
US Govt ve,OTHER
US GOVERME,OTHER
UPS t,OTHER
UPS Van,OTHER
UPS M,OTHER
UPS,OTHER
UNNKO,OTHER
UNATTACHED,OTHER
UKNOWN,OTHER
UK,OTHER
UHAUL Trai,OTHER
U.S.P,OTHER
U.S. POSTA,OTHER
U-TRU,OTHER
U-HAUL,OTHER
U-HAL,OTHER
U Haul Tru,OTHER
U HAUL TRU,OTHER
Truck cran,OTHER
Truc,OTHER
Tree cutte,OTHER
Trc,OTHER
Transit,OTHER
Tram,OTHER
Train,OTHER
Trailer no,OTHER
Tractor,OTHER
Track,OTHER
Tr,OTHER
Tow-t,OTHER
Token,OTHER
Tlr,OTHER
Tilt tande,OTHER
Tank,OTHER
TUGGE,OTHER
TUCK,OTHER
TTRAILER,OTHER
TTAILER,OTHER
TRuck,OTHER
TRUCK VAN,OTHER
TRUCK LADD,OTHER
TRUCK FLAT,OTHER
TRUCK COMM,OTHER
"TRLR PLT,",OTHER
TRLPM,OTHER
TRIM,OTHER
TRIALER,OTHER
TRIAL,OTHER
TRCIC,OTHER
TRANSPORT,OTHER
TRANSIT VA,OTHER
TRALI,OTHER
TRAILER/FL,OTHER
TRAILEE,OTHER
TRACK EXCA,OTHER
TRAC.,OTHER
TRA/R,OTHER
TR/KI,OTHER
TR/C,OTHER
TR-Trailer,OTHER
TOYOT,OTHER
TOWMA,OTHER
TOWIN,OTHER
TOWE,OTHER
TOW4,OTHER
TOW TRICK,OTHER
TOW R,OTHER
TOUR BUS,OTHER
TLC v,OTHER
TLC P,OTHER
TKTR,OTHER
TKP,OTHER
TIR,OTHER
TCR,OTHER
TCN,OTHER
TCM,OTHER
TC,OTHER
TANK WH,OTHER
TANDU,OTHER
TAN P,OTHER
TAILG,OTHER
T880,OTHER
T650,OTHER
T630 Forkl,OTHER
T/ CR,OTHER
Sweeper,OTHER
Sweep,OTHER
Subur,OTHER
Subr,OTHER
Street Swe,OTHER
Street Cle,OTHER
Standing s,OTHER
Stake,OTHER
Sprinter v,OTHER
Sprinter V,OTHER
Sprinter,OTHER
Spc,OTHER
Snow,OTHER
Smart,OTHER
Small,OTHER
Skywatch,OTHER
Skid,OTHER
Skateboard,OTHER
Skate,OTHER
Sierra,OTHER
Shove,OTHER
Short Bus,OTHER
Semi,OTHER
Self insur,OTHER
Segway,OTHER
Scooter no,OTHER
Sciss,OTHER
SYBN,OTHER
SWEPE,OTHER
SWEEPER,OTHER
SW/VAN,OTHER
SURET,OTHER
SUDN,OTHER
SUDAN,OTHER
SUBR,OTHER
SUBN/,OTHER
SUBN-,OTHER
SUBN WHI,OTHER
SUBN TN,OTHER
SUBN - AMB,OTHER
STATION WA,OTHER
STATE,OTHER
STAKE TRUC,OTHER
STACK,OTHER
ST150,OTHER
SS,OTHER
SRF,OTHER
SPRINTER,OTHER
SPINTER VA,OTHER
SPECIAL CO,OTHER
SPEC,OTHER
SPARK150 S,OTHER
SNOW PLOWE,OTHER
SMYELLSCHO,OTHER
SMART CAR,OTHER
SM YW,OTHER
SLINGSHOT,OTHER
SKYWATCH,OTHER
SKIDSTEERL,OTHER
SKID-,OTHER
SHUTTLE BU,OTHER
SHORT SCHO,OTHER
SHORT,OTHER
SHCOO,OTHER
SFI,OTHER
SERVI,OTHER
SEN,OTHER
SEDONA,OTHER
SEA,OTHER
SD,OTHER
SCOTTER,OTHER
SCOOTER GA,OTHER
SCOMM,OTHER
SCISS,OTHER
SCHOOLBUS,OTHER
SCHOOL VAN,OTHER
SCHOOL BU,OTHER
SANTI,OTHER
SANMEN COU,OTHER
SANAT,OTHER
SAFET,OTHER
S/SP,OTHER
Rolli,OTHER
Road sweep,OTHER
Road Sweep,OTHER
Revel Scoo,OTHER
Revel Mo'e,OTHER
Rental Tru,OTHER
Renta,OTHER
Red M,OTHER
Razor scoo,OTHER
Ram Promas,OTHER
Ram,OTHER
RYDER,OTHER
RV/VAN,OTHER
RV/Tr,OTHER
RUBBE,OTHER
RORO,OTHER
ROOD,OTHER
ROADS,OTHER
ROADROLLER,OTHER
ROAD SWEEE,OTHER
RINGO,OTHER
RIDE ON SC,OTHER
RGS,OTHER
RGR,OTHER
REVEL scoo,OTHER
REVEL MOPE,OTHER
REVEL,OTHER
REPAI,OTHER
RENTED BOO,OTHER
REFRG,OTHER
REFR,OTHER
REFQ,OTHER
REFG/,OTHER
REF G,OTHER
RED T,OTHER
RDS,OTHER
RD BLDNG M,OTHER
RAZOR,OTHER
R/V C,OTHER
Quality tr,OTHER
QUAD,OTHER
QMZ,OTHER
QBE i,OTHER
Pumper tru,OTHER
Pumper,OTHER
Pro master,OTHER
Power Shov,OTHER
Power,OTHER
Post offic,OTHER
Porta,OTHER
Polic,OTHER
Plow truc,OTHER
Piggy back,OTHER
Pickup tru,OTHER
Pickup Tru,OTHER
Pick-Up,OTHER
Pick wh,OTHER
Pick up Tr,OTHER
Pick Up Tr,OTHER
Pick Truck,OTHER
Pedic,OTHER
Pedestrian,OTHER
Passe,OTHER
Pass,OTHER
Pas,OTHER
Parce,OTHER
PUSH SCOOT,OTHER
PUSH,OTHER
PUMPER,OTHER
PSR,OTHER
PSP,OTHER
PS,OTHER
PRIVATE,OTHER
PRIVA,OTHER
POWER LADD,OTHER
POTAL,OTHER
POSTO,OTHER
POSTAL SER,OTHER
POSTAL CAR,OTHER
POIS,OTHER
PLOW TRUCK,OTHER
PLATF,OTHER
PISH,OTHER
PICKUP TOW,OTHER
PICK RD,OTHER
PETER,OTHER
PET,OTHER
PERM,OTHER
PCH,OTHER
PASS-,OTHER
PAS 5,OTHER
PALLET JAC,OTHER
PALLE,OTHER
PALFINGER,OTHER
P/V,OTHER
P/SE,OTHER
Other,OTHER
Oil Tanker,OTHER
OZ MO,OTHER
OTH,OTHER
ORION,OTHER
ORANGE JLG,OTHER
OMT/T,OTHER
OMNI,OTHER
OML/OMNIBU,OTHER
OML/,OTHER
OMC,OTHER
OLM,OTHER
OLC,OTHER
OFFIC,OTHER
OBJEC,OTHER
Nypd,OTHER
Ny Ems,OTHER
None,OTHER
NonMotordS,OTHER
New Y,OTHER
NYS Ambula,OTHER
NYS A,OTHER
NYPD VAN,OTHER
NYPD TOW T,OTHER
NYPD Signa,OTHER
NYNJ RAIL,OTHER
NYFD,OTHER
NYCTA,OTHER
NYCHA Vehi,OTHER
NYCHA,OTHER
NYC-S,OTHER
NYC fire t,OTHER
NYC f,OTHER
NYC a,OTHER
NYC M,OTHER
NYC G,OTHER
NYC FIRETR,OTHER
NYC FIRE T,OTHER
NYC FD,OTHER
NYC DOT,OTHER
NYC D,OTHER
NYC B,OTHER
NYC ACS Va,OTHER
NYC A,OTHER
NV150,OTHER
NV CA,OTHER
NTTRL,OTHER
NT TR,OTHER
NS AM,OTHER
NO/BU,OTHER
NIU,OTHER
NICE BUS,OTHER
ND,OTHER
NAA,OTHER
N?A,OTHER
N/a,OTHER
Mta,OTHER
Mp,OTHER
Movin,OTHER
Motor home,OTHER
Motor Scoo,OTHER
Mot S,OTHER
Mopen,OTHER
Moped elec,OTHER
Moped clas,OTHER
Moped Scoo,OTHER
Mopd,OTHER
Mobile foo,OTHER
Mo pa,OTHER
Mini Van,OTHER
Mercedes,OTHER
Mecha,OTHER
Marked Van,OTHER
Mailtruck,OTHER
Mail Truck,OTHER
Magnum,OTHER
Mack Truck,OTHER
MVP,OTHER
MTRIZ,OTHER
MTR H,OTHER
MTABUS,OTHER
MTA truck,OTHER
MTA V,OTHER
MTA U,OTHER
MTA T,OTHER
MTA NYC BU,OTHER
MTA C,OTHER
MOped,OTHER
MOWER,OTHER
MOVING VAN,OTHER
MOVING TRU,OTHER
MOVIE,OTHER
MOTORED SC,OTHER
MOTOR SKAT,OTHER
MOTOR HOME,OTHER
MOTOR DIRT,OTHER
MOPED/SCOO,OTHER
MOPED SCOO,OTHER
MOPAD,OTHER
MOBILE,OTHER
MO PED,OTHER
MO PE,OTHER
MINIVAN,OTHER
MINI VAN,OTHER
MINI SCHOO,OTHER
MINI BUS,OTHER
MILLI,OTHER
MI/FU,OTHER
METAL,OTHER
MECHANICAL,OTHER
ME/BE,OTHER
MCY B,OTHER
MAXIM,OTHER
MARKED VAN,OTHER
MARK,OTHER
MAN B,OTHER
MAILTRUCK,OTHER
MAC F,OTHER
M21,OTHER
M/A,OTHER
Lumbe,OTHER
Livery Omn,OTHER
Livery Bus,OTHER
Liver,OTHER
Limou,OTHER
Light trai,OTHER
Light Towe,OTHER
Light,OTHER
Liebh,OTHER
Left scene,OTHER
Leased amb,OTHER
Lawnmower,OTHER
Laund,OTHER
Lateral Tr,OTHER
LUV,OTHER
LULL,OTHER
LTRL,OTHER
LP,OTHER
LMTV,OTHER
LMB,OTHER
LMA,OTHER
LLV MAIL T,OTHER
LIT DIRECT,OTHER
LIMO/,OTHER
LIMIT USE,OTHER
LIEBH,OTHER
LIBER,OTHER
LEFT THE S,OTHER
LEFT SCENE,OTHER
LD,OTHER
LCOMM,OTHER
LAWN MOWER,OTHER
LAWN,OTHER
LADDER CO,OTHER
LADDER 34,OTHER
LADD,OTHER
L1,OTHER
KW TR,OTHER
KUBOT,OTHER
KP160,OTHER
KME/F,OTHER
KME,OTHER
JohnD,OTHER
John Deere,OTHER
John,OTHER
Jeep,OTHER
JUNST,OTHER
JOHND,OTHER
JLG M,OTHER
JLG L,OTHER
JLG B,OTHER
JETSKI,OTHER
JCB40,OTHER
Isuzu,OTHER
Inter,OTHER
INTERNATIO,OTHER
INTE TRUCK,OTHER
INDUSTRIAL,OTHER
I-haul,OTHER
Humme,OTHER
Hrse,OTHER
Horse trai,OTHER
Horse Trai,OTHER
Hino,OTHER
Hearse,OTHER
Hand,OTHER
HWY C,OTHER
HWH,OTHER
HRSE,OTHER
HOVERBOARD,OTHER
HOUSE ON W,OTHER
HOTDO,OTHER
HOSRE,OTHER
HOE-L,OTHER
HINO TANK,OTHER
HIGHL,OTHER
HI-LO,OTHER
HI TA,OTHER
HI LO,OTHER
HERTZ RAM,OTHER
HEIL,OTHER
HEARSE,OTHER
HDC,OTHER
HD To,OTHER
HD,OTHER
HAUL FOR H,OTHER
HARVE,OTHER
H3,OTHER
H1,OTHER
Grumman LL,OTHER
Grail,OTHER
Govt,OTHER
Government,OTHER
Gover,OTHER
Golf cart,OTHER
Gene,OTHER
Gator,OTHER
Gas scoote,OTHER
Gas T,OTHER
Garage,OTHER
GRUMM,OTHER
GREEB,OTHER
GR HS,OTHER
GOVT.,OTHER
GOV'T,OTHER
GOV V,OTHER
GOV,OTHER
GOLF KART,OTHER
GOLF CAR,OTHER
GMC T,OTHER
GMC DELIVE,OTHER
GLP050VXEV,OTHER
GLNEN,OTHER
GENUI,OTHER
GENIE,OTHER
GENAMBUL,OTHER
GEICO,OTHER
GE/SC,OTHER
GAS T,OTHER
GAS S,OTHER
GAS POWERE,OTHER
GAS MO-PED,OTHER
GARAB,OTHER
G1`,OTHER
G1,OTHER
G com,OTHER
G Sem,OTHER
G OMR,OTHER
G CO,OTHER
Front-Load,OTHER
Front End,OTHER
Forklift t,OTHER
Ford sprin,OTHER
Food Cart,OTHER
Fleet,OTHER
Flatbed Pi,OTHER
Flat bed t,OTHER
FireT,OTHER
Fire Appar,OTHER
Fedex Box,OTHER
Fedex,OTHER
Feder,OTHER
Fed ex van,OTHER
Fdny fire,OTHER
Fd fi,OTHER
Farm,OTHER
FR`,OTHER
FRIEGHTLIN,OTHER
FRHT TRAIL,OTHER
FREIH,OTHER
FREIGHT TR,OTHER
FREIGHT FL,OTHER
FREIGHT,OTHER
FREIG DELV,OTHER
FREE,OTHER
FRE T,OTHER
FORTL,OTHER
FORK-,OTHER
FORD TRANS,OTHER
FORD SPRIN,OTHER
FOR VAN,OTHER
FOOT,OTHER
FOLK LIFT,OTHER
FLTRL,OTHER
FLLET,OTHER
FLED,OTHER
FLATBED FR,OTHER
FLAT-,OTHER
FIre,OTHER
FIRTRUCK,OTHER
FIRET TRUC,OTHER
FIRER,OTHER
FIRE TURCK,OTHER
FEIG,OTHER
FEDEX TRUC,OTHER
FEDERAL EX,OTHER
FED,OTHER
FDny,OTHER
FDNY firet,OTHER
FDNY RIG,OTHER
FDNY Engin,OTHER
FDNY EMT,OTHER
FDNY EMS V,OTHER
FDNY CHIEF,OTHER
FDNY AMBU,OTHER
FDNY #226,OTHER
FD tr,OTHER
FD NY,OTHER
FD LADDER,OTHER
F650,OTHER
F350,OTHER
F150XL PIC,OTHER
Excav,OTHER
Escavator,OTHER
Engi,OTHER
Ems truck,OTHER
Ems t,OTHER
Electronic,OTHER
Electric s,OTHER
Electric m,OTHER
Ecoli,OTHER
Ebike,OTHER
EZ GO,OTHER
ESU RESCUE,OTHER
ESCOVATOR,OTHER
ESCOOTER,OTHER
ESCAVATOR,OTHER
ES,OTHER
EPO,OTHER
ENTERPRISE,OTHER
ENGINE SP0,OTHER
ENCLO,OTHER
EMT,OTHER
EMS/VAN,OTHER
EMS bus,OTHER
EMS T,OTHER
EMS H,OTHER
EMS B,OTHER
EMRGN,OTHER
EMERGENCY,OTHER
EMERGANCY,OTHER
EMBULANCE,OTHER
ELECTRIC B,OTHER
ELEC. UNIC,OTHER
ELEC.,OTHER
EC2,OTHER
EAMB,OTHER
E3,OTHER
E1,OTHER
E/BIK,OTHER
E.M.S,OTHER
E-UNICYCLE,OTHER
E-Scoter,OTHER
E-SKA,OTHER
E-MOT,OTHER
E- MOTOR B,OTHER
E- Bi,OTHER
E scooter,OTHER
E bike,OTHER
E SCOOTER,OTHER
E REVEL SC,OTHER
E PAS,OTHER
E ONE,OTHER
E BIKE,OTHER
E AMB,OTHER
E - B,OTHER
E,OTHER
Dumps,OTHER
Dump Truck,OTHER
Dodge,OTHER
Dirtbike,OTHER
Dirt bike,OTHER
Dirt,OTHER
Depar,OTHER
Dent and S,OTHER
Delie,OTHER
DUNBA,OTHER
DUMPSTER T,OTHER
DUMPSTER,OTHER
DUAL,OTHER
DSNY,OTHER
DRONE,OTHER
DRILL RIG,OTHER
DOT V,OTHER
DOT TRUCK,OTHER
DOT R,OTHER
DOT EQUIPM,OTHER
DOT #,OTHER
DOOSK,OTHER
DOLLAR VAN,OTHER
DODGE RAM,OTHER
DODGE,OTHER
DLVR,OTHER
DLR,OTHER
DLEV,OTHER
DL,OTHER
DIRT-,OTHER
DIG-I,OTHER
DETAC,OTHER
DEPT VAN #,OTHER
DEPT,OTHER
DEPARTMENT,OTHER
DEP V,OTHER
DEMA-,OTHER
DELVR,OTHER
DELVI,OTHER
DELV BR,OTHER
DEL T,OTHER
DEL,OTHER
DEIV,OTHER
DEI V,OTHER
DEAGR,OTHER
DB,OTHER
D3,OTHER
D1,OTHER
D/V WB,OTHER
D,OTHER
Crane truc,OTHER
Constructi,OTHER
Command Po,OTHER
Comm Food,OTHER
Comm,OTHER
Comix,OTHER
Com t,OTHER
City MTA b,OTHER
Chevy carg,OTHER
Chevy,OTHER
Chevr,OTHER
Cement tru,OTHER
Caterpilla,OTHER
Cater,OTHER
Cat 9,OTHER
Cat,OTHER
Cargo van,OTHER
Cargo Truc,OTHER
Can,OTHER
CUSHM,OTHER
CT,OTHER
CRWZK,OTHER
COURIER VA,OTHER
COURIER,OTHER
COUPE,OTHER
CONVE,OTHER
CONTR,OTHER
CONT-,OTHER
CONST EQUI,OTHER
CONCRETE M,OTHER
CON E,OTHER
COMMU,OTHER
COMMM,OTHER
COMMAND PO,OTHER
COMM TRK,OTHER
COMB,OTHER
COM/A,OTHER
COM.,OTHER
COM TRANS,OTHER
COLLECTION,OTHER
COLL,OTHER
COACH,OTHER
CMS-T,OTHER
CMIXER,OTHER
CITY VEHIC,OTHER
CITY OWNED,OTHER
CITY OF NE,OTHER
CHVEY,OTHER
CHURC,OTHER
CHEVY EXPR,OTHER
CHEVY,OTHER
CHEVROLET,OTHER
CHEVR,OTHER
CHEV,OTHER
CHERV,OTHER
CHERR,OTHER
CEMENT TRU,OTHER
CB534,OTHER
CATIP,OTHER
CATAPILLAR,OTHER
CAT32,OTHER
CAT.,OTHER
CAT P,OTHER
CAT 4,OTHER
CARRIER,OTHER
CAR TRAILE,OTHER
CAR T,OTHER
CAMPER VAN,OTHER
CADET,OTHER
CABIN,OTHER
C2,OTHER
C0MME,OTHER
C-1,OTHER
C 1,OTHER
Busv,OTHER
Budget tru,OTHER
Bucketload,OTHER
Bucket Tru,OTHER
Bucke,OTHER
Broom,OTHER
BoxTr,OTHER
Box M,OTHER
Bobcat 216,OTHER
Bobby,OTHER
Bicyc,OTHER
Barri,OTHER
Backhoe Lo,OTHER
BUS M,OTHER
BURG,OTHER
BUMP,OTHER
BULLDOZER,OTHER
BULDOZER,OTHER
BUDGE,OTHER
BTM,OTHER
BROWN,OTHER
BROOM,OTHER
BOXTR,OTHER
BOX Truck,OTHER
BOX H,OTHER
BOOML,OTHER
BOOM LIFT/,OTHER
BOBCAT FOR,OTHER
BOB CAT,OTHER
BLUE,OTHER
BLU BUS,OTHER
BLOCK,OTHER
BKHOE,OTHER
BICYC,OTHER
BED T,OTHER
BARRI,OTHER
BACKHOE LO,OTHER
B5-44,OTHER
Attac,OTHER
Ambulette,OTHER
Ambiance,OTHER
Amazon tru,OTHER
All-Terrain Vehicle,OTHER
ASTRO,OTHER
ASPHA,OTHER
ART M,OTHER
ARMY,OTHER
ARIEL,OTHER
APURP,OTHER
APP C,OTHER
APP,OTHER
APORT,OTHER
AP,OTHER
AMbulance,OTHER
AMbul,OTHER
AMULA,OTHER
AMUBULANCE,OTHER
AMUBL,OTHER
AMBULCANCE,OTHER
AMBULANCE`,OTHER
AMBULAMCE,OTHER
AMBUKANCE,OTHER
AMAZON SPR,OTHER
AMABU,OTHER
AM/TR,OTHER
ALUMI,OTHER
AERIAL LIF,OTHER
AERIA,OTHER
ACCESS A R,OTHER
ACCEE,OTHER
ABULA,OTHER
A-ONE,OTHER
?omme,OTHER
99999,OTHER
9999,OTHER
999,OTHER
985,OTHER
8X20,OTHER
7532433,OTHER
72000,OTHER
5X8 T,OTHER
52? t,OTHER
50cc Scoot,OTHER
50 CC Moto,OTHER
5,OTHER
4whee,OTHER
4door,OTHER
4SEDN,OTHER
430,OTHER
4 axe,OTHER
4 RUN,OTHER
3DOOR,OTHER
3DC-,OTHER
38AB-,OTHER
35 FT,OTHER
315 e,OTHER
3-Whe,OTHER
3 doo,OTHER
2dr,OTHER
2TON,OTHER
2DCP,OTHER
26 ft,OTHER
250-3,OTHER
2003,OTHER
2000,OTHER
2- to,OTHER
2 WHE,OTHER
2 TON,OTHER
2 HOR,OTHER
2 DR,OTHER
1S,OTHER
1C,OTHER
197209,OTHER
18 wheel,OTHER
18 Wh,OTHER
18 WHEELER,OTHER
18 WEELER,OTHER
16M,OTHER
15 pa,OTHER
15 Pa,OTHER
15 PA,OTHER
12' o,OTHER
12 fe,OTHER
12 Pa,OTHER
12 PASS VA,OTHER
11111,OTHER
11-VA,OTHER
11 PA,OTHER
13,OTHER
0,OTHER
.,OTHER
(ceme,OTHER
'lime mope,OTHER
000,OTHER
00,OTHER
013,OTHER
00000,OTHER